-- phpMyAdmin SQL Dump
-- version 5.1.1
-- https://www.phpmyadmin.net/
--
-- Servidor: 127.0.0.1
-- Tiempo de generación: 20-01-2022 a las 03:13:50
-- Versión del servidor: 10.4.22-MariaDB
-- Versión de PHP: 7.4.27

SET SQL_MODE = "NO_AUTO_VALUE_ON_ZERO";
START TRANSACTION;
SET time_zone = "+00:00";


/*!40101 SET @OLD_CHARACTER_SET_CLIENT=@@CHARACTER_SET_CLIENT */;
/*!40101 SET @OLD_CHARACTER_SET_RESULTS=@@CHARACTER_SET_RESULTS */;
/*!40101 SET @OLD_COLLATION_CONNECTION=@@COLLATION_CONNECTION */;
/*!40101 SET NAMES utf8mb4 */;

--
-- Base de datos: `coje`
--

-- --------------------------------------------------------

--
-- Estructura de tabla para la tabla `cliente`
--

CREATE TABLE `cliente` (
  `idCliente` int(20) NOT NULL,
  `NombreC` varchar(45) NOT NULL,
  `ApellidoC` varchar(45) NOT NULL,
  `Telefono` bigint(20) NOT NULL,
  `direcciónC` varchar(45) DEFAULT NULL
) ENGINE=InnoDB DEFAULT CHARSET=utf8;

--
-- Volcado de datos para la tabla `cliente`
--

INSERT INTO `cliente` (`idCliente`, `NombreC`, `ApellidoC`, `Telefono`, `direcciónC`) VALUES
(4343434, 'esteban', 'perez', 293903, 'esopana'),
(12601937, 'wadih', 'SAADO', 4148773560, 'curagua'),
(27765209, 'isaac', 'saado', 4249662043, 'curagua');

-- --------------------------------------------------------

--
-- Estructura de tabla para la tabla `compra`
--

CREATE TABLE `compra` (
  `idCompra` int(11) NOT NULL,
  `Fecha_compra` date NOT NULL,
  `cant_compra` int(11) DEFAULT NULL,
  `Material_idMaterial` int(11) NOT NULL
) ENGINE=InnoDB DEFAULT CHARSET=utf8;

--
-- Volcado de datos para la tabla `compra`
--

INSERT INTO `compra` (`idCompra`, `Fecha_compra`, `cant_compra`, `Material_idMaterial`) VALUES
(15, '2022-01-09', 10, 24),
(16, '2022-01-13', 17, 23),
(17, '2022-01-27', 7, 23),
(19, '2022-01-12', 50, 20),
(20, '2022-01-10', 50, 24),
(21, '2022-01-05', 50, 78);

-- --------------------------------------------------------

--
-- Estructura de tabla para la tabla `factura`
--

CREATE TABLE `factura` (
  `idfactura` int(11) NOT NULL,
  `ventas_idventas` int(11) NOT NULL,
  `Fecha_fact` date NOT NULL,
  `impuesto_m` int(11) NOT NULL,
  `impuesto_o` int(11) NOT NULL
) ENGINE=InnoDB DEFAULT CHARSET=utf8;

--
-- Volcado de datos para la tabla `factura`
--

INSERT INTO `factura` (`idfactura`, `ventas_idventas`, `Fecha_fact`, `impuesto_m`, `impuesto_o`) VALUES
(21, 134, '2022-01-14', 10, 10);

-- --------------------------------------------------------

--
-- Estructura de tabla para la tabla `login_u`
--

CREATE TABLE `login_u` (
  `id_users` int(11) NOT NULL,
  `users` varchar(20) NOT NULL,
  `password` varchar(30) NOT NULL
) ENGINE=InnoDB DEFAULT CHARSET=utf8;

--
-- Volcado de datos para la tabla `login_u`
--

INSERT INTO `login_u` (`id_users`, `users`, `password`) VALUES
(6, 'isaac', '123'),
(7, 'saado', '123'),
(8, 'alejando', '123');

-- --------------------------------------------------------

--
-- Estructura de tabla para la tabla `material`
--

CREATE TABLE `material` (
  `idMaterial` int(11) NOT NULL,
  `nombre_m` varchar(45) NOT NULL,
  `valor_m` float NOT NULL,
  `cant_material` int(20) DEFAULT NULL,
  `proveedor_idproveedor` int(11) NOT NULL
) ENGINE=InnoDB DEFAULT CHARSET=utf8;

--
-- Volcado de datos para la tabla `material`
--

INSERT INTO `material` (`idMaterial`, `nombre_m`, `valor_m`, `cant_material`, `proveedor_idproveedor`) VALUES
(20, 'asdasd', 2, 0, 123),
(23, 'rines', 70, 145, 456),
(24, 'cauchos', 70, 50, 456),
(78, 'nadita', 0.75, 245, 123),
(7867, 'arandelaas', 1, 55, 3568);

-- --------------------------------------------------------

--
-- Estructura de tabla para la tabla `proveedor`
--

CREATE TABLE `proveedor` (
  `idproveedor` int(11) NOT NULL,
  `categoria` varchar(45) NOT NULL,
  `Nombre` varchar(45) NOT NULL,
  `Direccion` varchar(45) DEFAULT NULL,
  `telefono` bigint(20) NOT NULL
) ENGINE=InnoDB DEFAULT CHARSET=utf8;

--
-- Volcado de datos para la tabla `proveedor`
--

INSERT INTO `proveedor` (`idproveedor`, `categoria`, `Nombre`, `Direccion`, `telefono`) VALUES
(123, 'nada', 'elbano', 'una', 9662045),
(456, 'tuercas', 'alvert', 'curagua', 4584584),
(555, 'cuachera', 'unas', 'unaresd', 239323),
(3568, 'ferreteria', 'feeretotal', 'unare paseo caroni', 12903);

-- --------------------------------------------------------

--
-- Estructura de tabla para la tabla `unidad`
--

CREATE TABLE `unidad` (
  `idUnidad` int(11) NOT NULL,
  `Tipo_trailer` varchar(45) NOT NULL,
  `imagen` longblob NOT NULL
) ENGINE=InnoDB DEFAULT CHARSET=utf8;

--
-- Volcado de datos para la tabla `unidad`
--

INSERT INTO `unidad` (`idUnidad`, `Tipo_trailer`, `imagen`) VALUES
(22, 'ligero', 0xffd8ffe000104a46494600010100000100010000ffdb0084000a070809080718140817181918191c231e1a1c1c1d1c1f241e2125241c211e1c241e27212e25211e2c25231a2738272c3d313635371a2448403d333f2e343531010c0c0c100f101f12121f362b252534343434343f34343131353d31343434343634343134343d3135343435343434343431313d34343434313434343434343434ffc000110800c2010303012200021101031101ffc4001c0001000301010101010000000000000000000506070304020108ffc4004410000201020501040605080905010000000102000311040506122131416181910713225171a1324252b1b21415638292a2c1d116232433627273c2e1252653f0f134ffc4001801010101010100000000000000000000000001030204ffc40022110101000202030002030100000000000000010211123103214161712251a104ffda000c03010002110311003f00d9a22202222022220222202222022220222202222022220222202222022220222202222022220222202222022220222202222022220222202222022220222202222022220222202222022220222202222022220222202222022220222202222022220222202222022220222202222022220222202222022220222202222022220222202222022242eaeaef86d33886a62e45361da3a8b13c7b812604cc4c6b2ad30b9865d4eabe22a8f58818807817ebdbd07cfba7de3f4953c360ddd6bd72510b0048ec048078f7707e1d92e86c71318c9f4a61b30cb69d4a95ab86740c4075b027b05d49b4fdce74b6172fca6ad5a156bb32216019d6c6dd86ca0fce343668993ff42f2fdb7f5988fdb5ee27ea7c3cccf1d4d2f824ce5296fac55e93b9bb8bdd5a901c85e96724f7f948364898de7da570182c96ad4a0f5b722165bbdf9ecb8b78f8f671357ca4df2aa47f46bf8440f6c44404444044440444404444044440444404444044440444404444044440486d5e2fa57156eca150f92b1fe126679334a42be5d557ed230f3522067da35fd6698a04fd923c0330324735567cb6a01d4d37f32a6ff7c88d067fed7a61beab38f00ec7f8fca583109be890ddaa41f23bbeff0094a21b4737acd3946df648fde65f2b733bea75dfa6f156ff00c2e7f74dbc79f94f2686e74ea03d8ce3f7dc93e44c93ce53d6e4d5c1fad4dc79a3003cb77947d1df0dede190f5f647dc09ff006c8ec55c6a4c3f7d1ae3f7b0e7f9490ca983e55488eda687e4bf7923ca78f1c9ff005dc31ff0561e7ea49fb8794839ead1ff006d623fd36fbb8f21b65db2337c9281fd127e1129da994be415c7be93fe124f90e3f565bf4f1be4187ff469fe1581251110111101111011110111101111011110111101111011110111101111013e5943020f6cfa88196684bae4aeadd52b38fc240f99967205c5f9fe3eff0033ba57b4a29a47149f6712ff00ede7e5fbd2c20dc0b777fc790b1fd6815cd0f6193156fab51c785ee7cef6f19398942d8471da55878d8dfcbfdd20f46aeca35d57eae21ede496f9f32c0406423b08f97fc9b7ec981e0d30fbf4e618fbe8d3fc02de5ed1f09f38f36cdb0c47e907ee823ee63e13f34c009a7a801d94d4790b1fe5fad3f3320df9cf0a47db71e749eff0070fda81d350dce455ffd27fc2df79dd2d1a59b7698c29f7d0a7f8165633e17c92bdfff0013fe036f2163e723342e9da398e5accd5b134d94500beaebd45b6ec2e19db8b91cb3b1b5ac3a0b0e206a112898ccaf3cc066b428e5f98d7db543f3592955b150a47d5526f73db3dcf435d61c8f5157035876faca75699f028cc2fe102d9132cabe956b60b16d4f1787a6fb4d8bd1ac5949edda4d31717ef9f387f4ba1ab7f5f85212ff0055ee7e6a013ddc42e9aac4a961fd22696afc357d87b43a3adbb892bb7c8c97c2ea4c8b186d86c4d063ee1512fe57bc225e27c2bad45ba1047bc733ee02222022220222202222022220222202222022220245e7387c6e2704cb80aad45b6921d55588616da2cc082a7dabf6f789291030cd035f39c7e1eb54a1550b170d50544b872dbae4b0b35c903816e9dd69601a9ebd1c6d4a38ea0d7a5b7d63536047b42e2c1b6f5e7b78d9db28d82c263722474c79c461773f68645741b802075620dfc1bb6e677fcb729c9b1356a62b6e2af4d366e524ee3bbd9218902ca2e7703c016024dae964c8f3ecbb04f886c5b3287a8cea3631ba9ea4585b91c589e2e3a499a39f54c5d2df96e1ab3a93c3b6ca687e0eec01b73e67dc2f980d4b996330fb310ab4e9937029a2201dfb550023e324f0394621d77e01ea0661c5443b4f9f523a717fba6b3c76cf4e2e525f6bbe5786d434f0494e9fe4e8145b712f50f6dadb46cb8ef6b12078f6a990e32b90d8fc4553b4dd422d3a417820d98073d19873efee16aa696ce35563313528d3af4dea53e89594fb62f6243adcee04723bc73d6d67fe9167d8136cdb02e47daa0c1c1f82fd203e369e3cee72ea69be331b36eb88d23966329dab877bf3b99dddbadfabb15173726ca0f279e4cf760b244cb81fcdef5a9dc283b6a311ec2aa2fb0db92e11557a7451ee9cb03ad720c59b3b943da1d596df122ebf393d85fc8f1b443e12a861f6919581f226656f93edaeff008abd9ce4d9866d490362dc35324a3945dd722c794d83c409df38aba86be40f87c3ad22cc817d68a8e188e0312a53e932dc5f7705a5896971c1ddeeff00e91c4f860e17950be67fe259e4ca7d4d637e30fc4e96cf70a3facc3b903ec59fe4849916c957095c6fdc8c0dc06041f233fa0377db3fcbef9c2ad2f5a2cea857ec917f91363f1967975f0e2ce34ceac4a79c524c600c95182302015b31b06e476311f3968c069fca330d739826328536445a051768014b236e22d6b13617b7ba7a715a5f25c59feba85307afb00a1bfbee9637ef9f586c90e0b18f5b2fc4d74770a1cb32d5dc12fb031a8acdc0279041e66b7fe8c72ee339e2b3a767f46ba6c316c1a55a2c7eb53ab501f9b19159de96cc34fe4f5b11976658dfeaa9b385a8e1c1da09b720017e97b49f5c56a1a37b3e1aa8ec0c8f4cf8babb8fdd123f516639c63b4fd6a153064b54a6c80d2aa8ea0b02013bc235be0a67533c6f5538d47647475fe3326a588c1e32838aa8ac12b530bb6e2f6dc8b733d8733f48d83fff0046130b5c7e89f67e37e7c04e3906b6c9324d3f470d981a8b5e8d2447a7eaaa13b8280406dbb2dde48123735f4859be3529fe66a74a9255aab455d9d2a54058db77ab5364b73f4b703c7be76e5255fd2166996a16cf32caf4d475656debe2c51547c2f27f4beaba1a9558e128d7455ead51502dcf4008724f80e3b6d7123f17a4707470352be7152a62aaa23306aadeca90a79441ecafc272f43db8e85a4ce492cee493cdfdb61fc2517a8888088880888808888088880888808888103a8b4be57a9367e730c765edb5997af041b736fe731ff49995e5b97eaaa347014d5112807702fed36e717627963c2dd8dc9b9bcdf6503d2d65d877d34d5d69a7ac56405f6aefd9badb775afb7730e3a4b3b2d665432fc5e230bbc28b11b82f25adefb5ac38e7adf91c72275caf1ad84a2d47759797a66d7b7db5f811cfc578eb2c989a74f0f4417e96240db7048002fb5d17836e7aee22553340b4eb2ba2d8101c2dc706e432dc7046e079f74df1b676caeaf4f4e93a78c7c7b629381bc942c6d7e49371d48ec3e3363a18aa35a82bd1bfb4011cdc79749fcf54737c6e1cfaac216617b20e49f800393f096fd3da7bd211c1b57cb59e98eca754ed2d6fb34d976807de76dfe73cde6c3949aee36f1de37df4b1e91c2e1aa60f12b8b4570312ff00496f6e107d936e9241f49651883bf081e931e4323303f3bdbc2d2b191e7998e42ceb99e1dd7d6396662192ce7e90171b4f23a032e383d4f82c42fd3296ea1c580f77b7f43f7a7933e532f4f4633963bd7a9f51198d3d4790e0deae17146aa20b95a8bb8dba7d237627c446175a66d4b0c95331c23b23286df48922c7a1da775bc48931a9ab1ada72b702c50d88b7fe99df4a2a369ea163cfab5f949bfe3bb37eff004e75ef4f265fae74fe37e955d8deea8bb6dddbc5d479cb0d0a984c626ec33075fb48c1879891d9864395e647fb6d2473f6b68ddfb5f4a56b15e8f706b537e4f5ab507ec218903c6e1ff7a49c6fe3fd5f6bc1a01b846f03ff00379c71b88c3e5f87df98ba220face5547c3af5ee99b52c5eb2c3e76f80c36243b05e5dedc0b2b5c16576bf23dffc64fe5da1b06f5c54cfeb3e26aff8890a39bd8725bc2e07f867571c6775395a6235a53c55634f4e50a9897fb562883bcdc6eb7c401df214ae7b9c6a55c267f54d3564de52810a2dcd949bf27df72c269586a14f0987098444545e8a8a00f216129988ad453d25eeaf655186e49e00ebcf32e367bd4f8977f53d93e4795e514c7e6ca68a47d6eadfb47a7c0584ab7a46c3e15df05eb69d31bf148aed603729fa40b75da7b67a33cd674693ecc829be22a1e16d70b7eeface7b9478caee63a63d20e69493158f55628e19680650cb620df6fd03d07058b774eb0c32b7964995c64d44dd7a39356c61c3658f8ba7b948614aa5665b15fa229b160c0823a0db637b897fd2d9652c9b22a7430e8e8abbacae55985d99b92a48b9bdec381794ad39e90b22c3625a966d41f09549f6d9949b9e39736dea7fcc3681db69a36131787c6e1c3e0dd5d0f46560c0fc08e27a24d4d33b76f4c444a88ccbf37c3e618caf4e806070ee11c902c4950dc58924588eb6e649ccdf45633175b5e63d28ff0073eb2a1724824d456445038b800069a440444404444044440444404444048bd45962e7191d6a06d7742149ec6ea87c1829f092910328c8ebd2ccb4f04a84ad5a242554e2fec1b598106eac06d6ef0dee951d5469a6211405521390b7b73cf1c0eddde16975d7da471f4f1e71da743166fef69a5ef7e2eeaa3e95ec3728e49170092666d4f039c6678f0bea6bb393cfb0e48f8dc71e369b739c59f1f6bffa3ecbe9a679876a400228976f7f2aaa79ff00337fef335a954d17a7eae4f419f1b6f5ae00da083b105c85bf4249249238e14765cdae62d1cea534a88438041ea08b83e120eae94cb3716c229a2c7a9a7600fea1053dfd97e7ac9f883f0cb350687cf29b3be555559187b74d41a6585becdcab31efb483c3ea7cdb4dedc3e698721547b2183235bde09bab0ef1e736f95dd45a5301a8b1949f312fb69861b54801b715ea6d7b71d96ebd67396332ed665674a965faeb28c50b3b9a67dcfc0fdab95b788966a18b4ab4f7512ae0f42a4107e1cdbe73c39a7a32d378e4fecc8d41ad6dd4d8f67bd5b729ef3c13ef94dc5fa36d4f92542fa7ab071d6c8c6931ee2a4956f16f098e5e09f2b49e4fed2341d57d26396e2e9fec4fe52e35ead1a348b395551c92c6c2638339cdf27cf4d5cd90fe50abb596a009d576ab10a0022dda3836eb2cb95e98d4dab2a0a99b31a348f2372daffe5a5c7ed35bafd68cbc36d9bfe899c9b74cfbd2460308fb32c0d51af62c3e88f85f96f0e3be4465584fe91677eb73dc5e1e9ab0b7b5529ad4b0fa2829920af6f2d73c7432df8af44395546bd0af594ff88536fb914fce44d7f43d8b51fd9b168ddcd4997e61dbee9b638638f4e32cad68b90e519365947fe921092397043337c5bdddc38ee93530aa9e8a350d1aa197f27700dfd9760dfbd4c58f8cf59d33aaf07fdd7e5a8074d95c11e4ae4cb6e9d61e3e7f64fdd6ad9ce419567b476e6b496a5be8922ccbfe561665f032818cf4799be475cd6d1789607a9a6edb49eb61badb1fb83a8ef69cb0efa9a8d017c76269b0fa42ae19980fd774b11dfccf2e63af73dc9b685c4e17104920fb22eb6b7d25575b5efddd275abadb2b7574f5e0fd25e6793e2450d6386756ec755dac6d617d84ec71fe2561dc268f9666f97e6d8757c03abab0b8b75f2eb71dbee991623d26d5cc309eaf39c1e1eba9ea0ee55bfbec77d8f7f512ad5f19972e2054c9454c2b6f52cbeb9dd485e459bd586241b1b36eebc1e234ad07d143be2754662f73b4b96b5f8bbd4aa6f6f7d97acd56605a6f548d38eed81a74c9a9b779f582cc54b11c33a951ed3761b5fa749a3e5be91f27c6e0cb622f45c0e950fb04f1d2b2864b5fdf63dd27b177890996e7f86c6e2fd4b945a9b43050eadb8117dca7ebaf5e47d937b49b8088880888808888088880888808888088880888808888088881c2a61e8d5606a2a920dc1201208e841ec33bc44044440444404e5568d2acb6acaac3dc403f7ceb1021311a534f624935b098724f53ead01f302f2b3a9740698a19357ad4281574a4ee36d4a805d55987b25b6db8f74d06406baabea746e30fe82a0f3523f8c0cd341e85cbf5169e35f1a5837ac655b74da368ec20937dddb3bea0f4594e8565fcd5576eee0060c4dee05cb026c0037bdbb0cb97a2ba269686a1bbab1a8de751edf2b49dc780d8ea61bde38e7aee561f849fd5f8cbf518c55f475ab70b8a434a953664616ab46a2ab0b11ed5d8a12783c904fb47c37b88914888808888088880888808888088880888808888088880888808888088880888808888095fd6b96e3338d315a865db77d4000dc4816dca585c03d54301de44b044088d2d9754ca74e50a15edba9d3556b72375bdab1ed17bcf2ad7a98cd4e568ee2949407371b777b440b76fd2e9c729dc2f609e4c3e0a961f1351e9937a8416bdad702dc71eef7de583d9111204444044440444404444044440444404444044440444404444044440444404444044440444404444044440444404444044440444404444044440444404444044440444404444044440444404444044440444404444044440ffd9),
(23, 'ligeritod', 0xffd8ffe000104a46494600010100000100010000ffdb0084000a070816151516151615191518181c1f1e1c1a151c191f1c1c1c1c1c1f1a191e1c1c1d213c261c212b21191c273a262b313f3537351f243b403b333f2e343531010c0c0c100f101f12121f342b252b363434343434343534353631343a343634343434373434343434343434343434373434343434343d34343d34363434343435ffc000110800c2010303012200021101031101ffc4001c0001000203010101000000000000000000000506030407020108ffc400471000020102040305050408030509010000010200031104122131054151062232617113428191a10752b1c1142362728292d1f02443a2153373c2f11725346393a3b2e1e216ffc4001801010101010100000000000000000000000001020304ffc40027110101000201030303050100000000000000010211120321314161715191d1324281b1c122ffda000c03010002110311003f00ecd111011110111101111011110111101111011110111101111011110111101111011110111101111011110111101111011110111101111011110111101111011110111101111011110111101111011110111101111011110111101111011110111101112b5db5c754a741568d514ab54a888848537cceaada302340d73cec0da05922f39a8c4f1a400e5a5891b128c4369e41d0fc84d43dbda94d8a6270d529952336576b8f5571cefd7a4ceefa2fcbaacf84ce7d86edce05c6a6b21b8f1229d34bea97f3939c3b88616b02d4dc3f786e42900db706c41de3bfd0edf5584e2146eca3e2279fd2907bebf020fe13480a7d54ebf7d8fd04d2c7e5bd3cabb5425ec1bc391c6b71a8cc574f492e54d44bb63a98ddbe87fa4f1fed2a7f7aff0003f9cd4ce82d645365b5c2aefa756bcc87160dca82351a7746c7c818dfb9af665ff6a2720c7d003f9c7fb47a53a87f84f3db69ae31add399f7bcfc944f3ed5f4b0d34fbfcbf8a5d9a60e21da07a6547e8ecc5c90b76cb7b6fee99f471cafcf0553f8581fca69f120a5e97b42d9bbc50017079b5fbbcadce645aa3da9a772ac143136ca006d06d6e9d23669b07b42e37c1e23e0b7988f6b14364387c466df2e419adafbb9afc8fc8ccc9866e55465d2f99d8db981637fc669d04cd5aaa14be45073295b9b8cda93ea3e665dfb269b07b594c78a8d75f5403fe69913b514cff955ff00f4ff00a199c60505c657d85ae46e491c8fa4f2d824d6eae2cc06c0ef6e80f5951ed78ed33eed41eaa07e266d61b8823b655bded7d4485e3b9530f54adc1b2aaf772db3151a36516f148eecdd761554017cccc189d48502e2dd2e56df392d55e222250888808888088880888808888088880957ede614b61c5516ff000ec2a9b93b26a6d6df61a1d25a245f6930fed309894fbf46a2fcd180818b0d7ca4747d01b7ecec7e33470a997118904117a8a77e468d2bedcae8666e17573d3cd7f12a3ef71aa83b7c262cd6c4d502c3b94dc65dae7db26dfc0272fdb1bf5bfcbde2780616b162f428b1b8ef6501b65f7d6c7afd655b03c369e1b8a1a7497229a0481999ad98a93666d6d7497e04963ef580d8016dc73e7a794a7f104ffbde99d47f871a37317af7d6fd42ce997e9ace3faa2d34f0c185c97df95b98079fac8ee22993d9d8b77aa9537b6a325536161a6aaa7e1f395a1e1fe21d4f251b48de3ba0a26dfe6f2047b953aefbccf19c76bbbbd244535cb7b2f87a9bfacf6c82e741e25f74f510c7bbcc774ee45b9749e98ea7d46c58f49b65e6e40d8fbfb5bef79cc85f95f9f323eedf94c5546874f75fddb731d67b2ddedfdee640f73ca5457b8cbdf138702da231d89dc373b6da4f94def8cc41bf8569fbc74eeb3685bf09e31e4fe974bca92e97279bfd35132604e6c4e2c83cd07748274a6762dbef3197e1bc53c85afeff008bff002cfba3a484e1ea1ab6258a8dd477949d7d920eba6b7fecc97b0b93617b9372ac0e82de31a7ca45f03d5abb017fd6ecad7d98273d0e8bf84b5224f32dcdbd9df32dacd974d0ec07acca57504863763e173cbd5869dd9f0b303bb6ac7750c3416d975e53c0cb603b87563af777b81bdf5d7e92a21bb56e4515539807aaa2cd92d65b9dc6bee4cbd8fc329a7ed08bb026c75d2f7be9e844d1ed7390282ed72efe22c345d37fdfe927bb314f2e1d7cf5fa01f9497caa6222254222202222022220222202222022220263aa999594ec411f31699261c4d5ca8cd6be504d873b0bda054bb21509c352527bc30e8a6da6a8a55b7df5e537b15ff89bf37a4a3903dc76dedff1242761f1aafb785854b66e82b1ca081cec64c632ff00a461cf234aaf2b5ce6c39163cf6698b358b58ddd4bdc124e8ddd1d491e2fef94a5f69ab1a7c4b08e36285585ada0f697dff7aff09735b9cbcfbbcc853cb98e52a7dabc307c4e19b3e5602cb7d7c4eabde077f11faef357c5671f2b6d061937f7979f9ac88ed43009488b9b553cefeebff59b983aaa94943b04232dc33272201d4efb484ed7711a4f4d556a2b10f7ee907ebe1ebce319b92195d5b568d936f70f4facf6c6e7af7baebb5f602576a76a68050152a3dd6d75516d6db9bdfe9352bf6ccea5692ad8eeee0eeb6d42ea369be358e516b7d79723c8fe267d26d7e5de3bd87b9e42506b76bab35fbe89ddf7109e87dff59a4fc7ab395bd4a841dec722ee41b85d3612f1abca2cf8a3fe3d474a4bccfdf51a9e43bdbcf7c275af8a6d0feb6d7b661a2a0d85afbca1d4c53b10d70189dc1b93e1e62f26305c46ad3c37b44259debea48cc5864075275dd46bbce79e3ad7cc6b1cb7f6abe922da747d333273e4a74917c0066a6cc478aa39d5738f1b35fbbade41d0ed932e60f4810091a35bc44926cf7bec34044dbecf71cc3a22a3b8460c6f7cea09b1e605b7eb2d84ab45320e5008362c6cac473fbbb7bdb19f69b1005f38b2fbca1ba724df69868e215d2ead98653b8561d7dc361e1e66650077f2807ba05a9b7ef72d040a876b187b44519495a7ee8b6ace06bfc92e7c2132d141e5f892652bb44f9b176b9397d9af7add4b9d87ed4b8f03c4fb4a08d9728b580bdf41a5cfada67d57d1251113484444044440444404444044440444404f2cb7041d8cf53531cce118d3b67b585c12013a025410580bded717b6e20733e158fa586af5853656146a545cb9acc54b58106c7359ce526da11e7245f8f97a94414080071e2cc6e509d761ee749cc4d552b724e75be663b96bd8907ef6a7d79df94970fe2fdea79cdc2b12180dfb8ea0586c4e602df29be32cd573ddc6ee2e553b418836b54034d02aaf4b9b12b71b75f8da6b52c53d4c4532eecf972919efa65ab4f402fa5f34f0296df2f88b0b7919a3c44656a076b544d3f8d5be23bbf49bcf09c2b386779458bb48bfaf5361e05d49fdb6e57b484d40f105d478000763d00965ed053bba1b7bbf8313f9c8464b7311d09be9c3ad759d691a772a4e66ff00acf2b4343dd0351b9e97e53782dedbb7fd6327901ea675b8b97268353b5f5b683c22df77d27d187d8907407526dcc91f8f59b8fb9dff008479cc2cb6e5c8f8bd0cc5c5b9934952d6f08d6f61a9e43f2eb25997fc25116363558e86db69cc48ea8fb7a721ebce49d6a0cf86c28442e6f51bba09b77f426d38e7e67cbb61ebf08a0bb68a2edd49e9d2e3999e69bec4661de24e51947224dc692528703ae402d9290d7c6c3cba5cfce673c1e9aeaf599ec0e88bd7ccc5ca24c6a1689cb62a729b1370c6f73a6ebe824be138fe241b07357c3dd750d7e7e2b13ca6d61b094945d285f966a97b75dbc33d62714cba175a63a22dcffa74facc6eef5afbb724d7963c32d4ad5c5474c99dc1373602ca116c18e6e42747c35108a145ec3aefa9bfe7394d6a8adad9dcf576ca3af853facba763f89e74f64c751aafa7bca3d371e47ca24ef696fa2d311128444404444044440444404444044440444c6ee141248006e4e807a981f9a789034ebd6520a95ab514ab02340d71707c8dfe531a8dcaea39a9fef69d0fed2f1382c47b37a2cb5310182b3d2d57d9d9af99ed918ab5ac2f985cf2265068e0defa10bd2fd26a31525c2f8b3a732c8770752069b8f785868771e92578ae2d1e9d3753b382474eebb68798fef4903530a410cbbfecf3f49f6eb94906c0826dcaf6b1f43acdf2bad31c66f6eabc757bea6d7d0fe322dd97d248f13a41ca96aaa8a06ba5db5dcdf3580d3a7591d970cbb67ac7d4e53fcb61f393a59f1c24d5db5d4c2e595bbecd5aae80ea4f90275f94f8987a8fe0a6cc3ae52a3e6f6064a25474f0504a37e6e5558fa7def9ccbec9dfc550dbf616c3e39883f104cb975afb44c7a53deb4070aa9ae774a63cce63fca001f59f3f45c3af8aa3d43b59005526de5afd66d1c2aaee3311f7d99bf0b11f12663aced6211b2586e9653e97517f9fe71377cdff000ba9e23d22aa0ba61828e4f5881f10ce7f3986bf16def5d7f7682963fcda29f9c81a69776cfde37bddb53f59394f0f4d515dde9d056be5ce4666b1dd54ee3facbbc31ef7f29395ed1eb1357235941aba6acedddf4caa2fcbacdbc26312c33a007aa6bffebea6436278861dacb4abf7b36a5d5954ad8f84b2d81bdb7e57985f8c57a2811022037fd605059afaf88e845bca71ea678e5da4bfd3b618dc66ed8b7b5ad702d7ea083f222f2b3c5fc7f19b3c0f8c3d6464660d553bc0b0f1a731a731f98f3965c3f005af4d59d8599430ca3517b1b5f9749e6c31ca64ef9e52e2a331d07f7e4258fb295b2b0602f76cb63a6f65fce6d633b1245cd1ab7fd9abb9fe35f41ca6e766b833a0fd6a952a6e2c54826fa1d37d0033b652f6d3963af55ae27c9f66d922220222207c905c568630e228bd1a8ab417fde2597331bdcf886a08d0598589bebca53098da75431a6eae158a31420d99746536e63a4d9965d259b881ed357ae9419a90ef064eea9198ab30536248008bded7d6d6bcdee098d35a852aac0067505829b80db358fade78ed05ff0046ae514332a332a9d999066507d4a812b5d86e3aa29352a9997292eaeca42b25426a69a776c588ef5afcaf2c9b9ee96eaf75e2241623b538541ad4ccdbe4a6199ed7b0251012a0f56b0eb69078eed9d43714692d31f7ab1cedfc94db2dbf8ee3a49c6aee2f321b1dda5c352b8cfed186eb486620f4623ba87f78894f5c2e331609667a8ad7b6639298045b65015be448eb227b2384a6f897c2d76642a5b2a8b0bba121d3cb45274dc03ac97b12ed62c7f6bf10c2d469ad207405bbee7d145954f9dd84893d9ac763086accc57437c437774d411440ca0fa28e5ae93a3e078652a22c8817cf73f33acdd834a8f0fec361d086aa4d761f7b451e8a3f332a7f683d8f3449c4e1c1f6275ab4c7f97fb6bfb1d47ba75f09397ad488ed2d0353098845467269b595402588170a01363722d697669f9df3b03b9f59bf49d1d4b312ae36b7bc6fe9a9faeb7d75bcff006a3b135b09496add6a21b0a9941fd5b6c0f5c87afba7a832b1ec0a95fefc8fd0836f39b8cd8e83d9dae956895203b52623be4b1b6a50df4e57171f766ebe2ad7b12bfbbddf9e4b5fe32add8dae52b11b874d479820a9f86a3e264d625eecc146cc6f96f61a9fa49d4bbd486135bad84ad6db9c91a357bb791587f3feff002fac53e2a8f6016a7965406f6d0ea0ebcf6e864e9e18dcbfe97a996531ecddaaf7db59e19485b4d27c6d3bf88a91b66041f3de7a18d56d03037dadcefe5f113b6524f15c66ef98d4c2e1d5aa3339ca88333b1d2ca2e6c0f536fc7a4aef15e20d89acd53c2be141f7517c2b6fa9f3266ff68f88d87e8c877b35420dc13baafa6c7e5d4cd0e1f8367baa296ca2e728d6db73205c9b0d48f3205c8e326eeddbc4d31aa01ffdc97e09c5df0ec0a8574b82c8c0156b74bf85bf68795efb49da5c229d3a60ba22903be5ce62bd752b94d8d8585af7f9c3f1be1ea96755cbad980db517040e5d34972c692c5d0764e8d414f138373449b3a83de4d77522f75e6a403a6a2d2cdc2c955f66c32b2eb61a8b1d743cf53f8485fb3aaa5b0601d95d80f4366fc58cb54e5677db7beda7d8889a42222022220246f11e22b4e8d5aaa43140c2c08f18d029e873581bc92941e33c1b105f14f4f0f9d9983526ce815bbaba302c093981b66b816b8020697643b6192abe16a510a89606ba0b035328cc1d6e75255866049246da8964a9db5c222177764218ae46525c90481dd5bd81b122f6da71fa7d99c45274a58ba5515ea1a85555a99475542edde57d18b22addb401c132531e88aa696aaab956d64bf86e066b5ef706fe63e135a676b3f10ed953c5dd103ad3ba021b25daec4ea35163972e5636d468663abc4549ca3bc6c2ca2eedc82d940b0d6c3babd254b0dc3338b225771a1010dc776e47852fa137d0cda4a0eceb86346cf96e29bb3a39beab70ce2f760bbebd26e67c66a3170995dd5a384617dabd67aec70c8a505abd9599ac4b101ce82c57523537d39c9ac3f12e1340e989c3330e66a23b5c79026c7d04a055fb3cc6bbb32d044051b2e7347bafa65b100b5b792587fb36c65def5a9a2be4b857aa4800e6a8a000000c40d8f5db698b6df56e493c45ddfb718202e2a3bec3b94aa91726c35cb6d4e8359ce7b55c4d2a62971784cc8c0a162f913f597b2100b5c860a0106c3bbcee64d7fd93976cf57185880a015439acac5973317b36840d57dd07492784fb2fc2a5af56b91752541a6036572e97ee66162dc88d2d79956bd2fb4c354aa52c3a1664cddeafa58100ff00bba6c46a763633d57ed8633286030c80923bab56a1b800f364ea3949dc1f613034f215a249404025def620037b358e8aa35e824bd1e09875f0d0a7ea5013f330aa08ed362d86b88f825244ff00e45ccf952a636aecd8a6fdd6755ffdb55fc674da74946ca17d001f84c92ed34e55ff00f338971ad077ff008d51dbe956a19a9c4fb1189546aaaa8028b940ca3ba06a401dd046a77fc676098313874a8ac8ea1d5858ab00411e60c6cd384766588c40be960c0837162058820ede93aa60bb348e8aed51fbea1acb945ae2f6170660e39d8d5a988189a2c29b9d2a29f0be9a30b6ce0fc0dcf326f68c0d0c94d12f7c8a16fd6c2d78be764448eca61bde567fde76ff0096d36b87f01c3d037a749508248d58d89ded98e9b9da4ac48af0ca0e845e733fb4eae30b530ef4a9a07a82a666b1f7720536040cddf3afa7413a74e7bf6bdc31aa61e957517f60e735b923d816f832a7c093ca59e52b95d172cc598dd98dc93b9bea7f197de17c39e961056a77f6b554e5d74b16b69d0d946a7a72d6fcff000a769d4fb398c2f87a4119464b23822e6cbc81bd96fa1beb3ae33758caea34f0b8565a494ead37aa1d8290e478cdd9db378ac32e86fa81357b50e0201a5d9fe88353fcc64ebb2d14777a8d62c58b393605b5ca83f003eb20b83e05b88e2812a56853b16f251e14fde6e7d05fa09739c66931ef76bf762b07ecb07481dd8173fc6732ff00a4893f3e013ece0ea4444044440444404444082ed2f076c42034caa555d03902f90b29750d6256e146a3a4cbc1382ae1d00395dfdea811549e8001b2816005cc97881cf3ed4b8e56a228d0a2ed44550ccce9a3908540446f74ddc1246a2c3a995bfb3d0d5b1a12a0f682986aad51897676a642532ce4f780cf753e5d2758e27c2e8e213256a6b516f719b706c45d48d54d891706fa99e784706a18652b4298a60dae45cb35b6cccc4b35ae7733a72c786b5dfeac71cb96f7dbe8928889cdb222202222022220222202222022220262ab483a9560195810430b8208b10473044cb1038ff697eceead1735308a6ad226fecefdf4f217f1affab6d0ef2b986ab5a93e50b529bed942bab1f22b6b9f49fa0a7d9a99589a721e15d97c6630ab55cf4a9fdfad7ce4730a8da8bf9d87aed3a7709e194f0d4c52a432a8d493ab331dd98f327fa0160009bf3ec96ec93444448a444404444044440444404444044440444404444044440444404444044440444404444044440444404444044440444404444044440444404444044440444404444044440444404444044440444404444044440444404444044440444404444044440444404444044440444404444044440444404444044440444404444044440444404444044440ffd9),
(24, 'tanque', 0xffd8ffe000104a46494600010100000100010000ffdb00840009060714121215121012151513121517191218131518151711161715161d1618171a181d2a20181b251d151521352228292b2e2e2e171f3338332c37282d2e2b010a0a0a0e0d0e150f0f182d1d151d2b2d2b2d2b2d2d2b2d2d2d2d2d2d2d2b2d2d2d2b2d2b2d2d2b2b2b2d382d2d372d2d2b2d2d2b2d2b2d2d372d2d322d372d2bffc000110800e100e103012200021101031101ffc4001c0001000202030100000000000000000000000607040501020308ffc4005010000103020304050608080a0b00000000010002030411122131050641510713226171328191a1b1c1144262728292b2d11523243352a2d2f00816254453556393c2e117344345546494a3a4c3f1ffc400160101010100000000000000000000000000000102ffc4001b11010101000301010000000000000000000001110212413121ffda000c03010002110311003f00bc51110111101111011110111101111011110111101111011110111101111011110111101111011110111101111011110111101111011110111101111011110111101111011110111101111011110111101111011110111101111011110111101111011110111101111011110111101111011559b777c3697e14a9a1a334a190318f675ec7dcb5d1c25dda69d714872b0c9759f7936e318e79fc1ae0c6971b367b90d049b5dc070e240e6420b55155f49bcbb69ec6c806cc2d7b439b9540c9c0119e2b68785c77af3dabbf1b5299ad7cd0d096b9ed60eacca6ce75ec492e000cb52505a88abc6ef3ed5e34d49e67c8b11bbff5ff000934bf04a73288badfcf3837062c3af3bf0d78a0b39141b676f6d699e18a7a4898c9a4c05cc9b1169c0f764db67e415394044440444404444044440444404444044440444404444044440444414eed216de5a8f9544d3c7fb1e5f3548276dd8e1cdae1cb815a3de316de4f9d423ed1fd9520637f7f3f820c1dd897151d2bb8ba9e2278e7d5b6fa2d5f4886d4ad3c5b3c446b7bdce9c6f9f004acfdd11f91530e50b070f8a2dc32e1ccf8ad774959503cfe8be33fae3b8f3e63c7810953b8ff00928b11fcb43bf67e5aff00c43bd597829411fbe7f728d5536db5a1efa478f4497f7f3ff30dfb8fe3e94f2a967ad920e3e2a7eabcab7617d39ff9ba71f5a50de5f2b98f71b0d01111011110111101111011110111101111011110111101111011110543be470ef253fcaa1f4f6aa3d1e4f7faee240d51ee90596de2d9ee1f1a99e3ea8a9eff0096a420feff00b841addd67de999dce95badfc99a46eb617d3905ade9305f674fddd577ff00b68c7bd6c37505a291ba16d5558b71ff005994fbf99f1e031ba4365f67d47cd61cfba58cf3ee412061b8079851dda22db4e90f382707c05bd1af7f2b715bfa53d865f5c0dbdf5bdb3e67d6547f6c9b6d3d9df29956079a369cb3f65bcfa20d9edb39427956d11ffcc87ef565aac37a1c44170d2e2d9e95c1ad00b9d86aa136683c72e6b65374981b33e1fc19b45cf8c34bc3206bcb03c1c05c18f3606c6de0504f5157f55d2bd3c4dc751475f0b6e017494c5ad17d3325773d2d508f2d954cf9f4cf16f4209ea280b3a63d9275a970f1825f7356543d2b6c97695ad1f3a395bed6209a228a47d246cb7695d0f9cb9bed0b219bf9b34e9b4297cf3307b4a091a2d245bdf40ef26be90f85445fb4b2e3db94cef26a603e12b0fb0a0d822f065646ef26461f0703ef5ec1d7d1072888808888088880888808888088883e7be9076cd57e17a37cb0c064ead9f06631eeb16cd248c6894bdb93c3b15ed90efd56ff00f0aed21aecc6b873655b3d86cb41fc2299876853bc1b134ad03bb0cd2107f59568cda530d27947848f1ef445abb037a260ea889b41248e8a791d33627c6e113a57b8e1cb2766d76638dd71bd7bd4e929668df415b16265b1be2fc5b3b40ddce074c9558dae9412f12c81ee377383dc1ce3de41b9d78ac87edda9734b1d533398e16735f239ed23bc389054d356c5174814cc898d7c750d018d1f9921a4068cc61cade02cb57b4f7e2865aba29992b836074dd65e378b3648b08cad9e76508a6df5af8da1acaa7d9a0000b58eb01a0189a725daaf7d6ae5744e99d1c8607638cba36e4eb5b302c0a68b3768efad0c91e1654b6fd6c2eb10464c9e3793da16c8349e79659d9683a46de979da0fa8d935cd6c72c313647473c71e2730bec1c1ee04d83b971513aadef7ca2d352d1bf306ff000701d9381f281bd890011c45c71587b7f6cb2aa4127c160a7c2c0d2ca468863759ce388b483daed5af7d1a3921ad8ed5db5b4eaa230d44f24d112096e28de091a1eceab323df7db634a8aacb9c21ded8d43c08f93afc2e41f7042c65f32478301f5e21ec544ce4e91b6d0f2aa24fa74b0ff8a25e5fe94abfe3ba99fcf1d343ebb00a311ca5be44ee6f2f2dbf66ebd856cdc2a9dfdecc3da141207749533bcba3d9aff9f46c3fe25d7f8fc0ebb27641f0a32df63d68ced2980ce62ff1224fb40dd639da2fd4b633e34f01f6c6836bb5b79a29faab6cda487ab903ddd40733ae03563ef7bb4adb3b7cb67bbcbd834ff427923f6354546d2e71407c61637ec009f0c61d69e1ff00bc3ecca151241bc1b1cf95b0dcdef66d098fda0bce714952e8bf06d055c60483e1185ee9c399717008f24daf9ad6336b362ecc54d007ea1dd5195ddd6ebdcf03cc1779b6a544c2d339e5bc03a421adf065881e80a1ab1eba9f62c4d37aaaf81c34647521ef1f4585e5be70a2f2edca764a0415db4436f6bcf58f6b0722ef83c65f6ee02ea253c6d0458b89b7c6208d78580b2cd8236b7c868bf76a7de5345c7d196d292a2b5d10aa7cb4f0c3d6020d46195ee201693544c8436fdc0e595b256d2a5fa110e159387b0b6d4e2d7d4de41c3868ae85544444044440444404444141ff0009067e534879c2f1e878fbd54c253dc7c403ed0ae0fe122cfc75177b2603eb45f7aa90e26f94c19736372f55d44ae81dc6c0f71197a068b229a9dd2938216bada918c01e271801794362ebbc764025c05c58642c33d49200f15e72ccf988681668f2183c967de7bf52836836439de4b584f28e6048f48365873d3061b39b234f7907d190baea364bb5b8b8ef175b0a6ad3f99abbb987c97fc661e0717dfeb088d698d9fa6ef3b07ed2eae85bc246f9c3c7b1a5646d0a2313cb1d9e5769e0f69d08f411e20ac76b09361eb207b5071d4710f61f3dbed00b930971c85fce3d85767d2bf5c0ef1b5c7a9794b6be683bfc11ff00d1bfea95d1ec23504788b2e001c17ab6770d1ee1e0e23de83a30e45755ed8c9cdc493df9fb572263c987e8307b0041e372b95ea650758d9fae3d8e5c48e691932c7b9c48f41fbd06ca01a5f2c879f25ecda673bb4059bfa4eecb7d2ed4f76abca3da0c8c0166e2b0b92311f5e43d174757758e16c4f71d322491dddca0c6ab659e3b41c3b81035efb1e7c16c454bc79168c7c8c8f9dc7b47d2b575371280eb7c5c8381e3cc6575b61311e40c1de3377d63a79ac82c5e81da4565535c08b53b0e62d7c521cfd4aee54df415b3a46cf513963c45242c6b1ee690d7b83dc4e127caf32b916a3504444058f555d1c65a247b5a5f7c388daf6b5fda3d2b2155dd26d4bced5d974dd69643338f58d24617d9edb037cbb5e47d24136df2a973682acc4f2d94534c622c367e311bb0e0b678af6b5b3bacfd8af73a9e173ef8dd1465d7d71160bdefc6eb9a6d990c66f1c4c69e6d6807d3aacb404444112e917729bb52163439b1cb0bcbe37966227b0e1d5df56b4bb01245fc8d144377fa1189927595f3fc21a41fc5303e36827425e1f88db86415b88a67abdae678a6b787a0f6c92814530829dc0193ac2e95c1e2e0358db0ecd893da79373c82a8a8b66cbd6fc118dfca1cf746e170435cd243eee195861398b8b0e2bec25f3c7469481fb52b0bfcb68980f13380e3eef3aacd7843d1add84f5f217b5a4b9cd68eadbccd89b9198cee145f6dec89692430553751d975880f1cc5f43a5c7f91577ef24dd4440b701700f203c59a6c0921c478023ffaa13bc87e1fb2855756c0f8ef2121c6ec2d7617340be6d2d0e3f54f2b2c4d57ef7e3a72c766fa53d8bf189dc3cd6bfd03cd6b6369759ad04b89cb08249ee00782e64908b381cc8b1e441041b8f027d2be8de8b371a929a9a9ab1919754cd0324323dc49675b1825ac6dec1a0388d2fcc9515f35486c6c7220e60e442cc82099d73136521b6c4630e21b7bdb161d343af25f61d551c7282d96363da45887b438107516214426e8ee3155d7d2ceea384c6c6be1a48e38c48f639e71b890468f03c9be5aa2e3e697c9268e19fcb6027f582ea65e6c61fa387ec90bea2de0e8f28ab709a8648e73010d7095cd7676be86c741c1452bba0ba477e66a678f962c120f6044c50a483f1401c813ef257718393c7d20ef70568edae84e78639658aa992b638dcfc3d5b848f2d69381a0122e6d967c55795bb2faa00991b63fa41c2fe18315f552f292c97ed59c39596c9f918218cfd370f160f738aeaf601a3da7b80703eb16f5af434fc5af8dc3e7867aa4c257916fa6e74208f579d565970dac2ed73ddcb26b478b8dc9f003ceb8944b6b5dac6710cbb478b8eaef124aed13c6105dd9e59e22ed7468d34d5c40e5c94e374f7af6751d9e688cd30cfac9a42ec27e433aac2cb73ccf794569360f471b42acb1f1c0f11b9cd1d6ca5ac0d6939bc35ee0e7b46bd906f6539da7d0954b59f92d746f7e57eb58e8f3e384b4b8345f4b3472badc33a6fa7e34ee1e0f71ff00d6a43b03a42656371c10388c6599bc36ef0d0e205c7270f4a2abc64dbcfb3722c7d4c6dc85c36a811cfb27adf4acaa1e9da48dd82ba80b5c3caeadc58e07e6483dea7d47d204526102096efb58762f9f3ed5968f7a77a22a92617471968bf664607b8d8806e4821b991a67dea768b658deec4e91e92a62eb6d342ce72c4e03c6edb82defd148766edaa7a817a79e2941fe8e46bbd85552da5836834b6b247b5858447150811b4346af7c926721f924611c89d21bb677229dae2fa4ae90380ec36a18d6116fed237e4331a313b447d2ea9ee9573db7b2472920f5d5b3ee50ba5aedad44ceb1bb4d82368bf6e674cd3c800f61bdf905ced5deb3515b495734f1c8fa4eacdc30b1b216c98f36eade1a5fdcacb2fc2be9445588e97695f190e7f53216f65cc1d6863b81c2f6b710eee5c96c3a3edf89ab66929ea2387b0c2f8e689ce689c6300618df73a1b9b38db21c5513e44440444405416d0fe49dbf2bde0886a5ce783ce39ce2711f3640ecbe48e6afd517dfedcd8f69c018e38268ee6096d7c04ea08e2c7585c7703c102a29d93c76be389ed25b808d5c3ca0e19dbc1437a4ba98e9e85ec02ce9bb0c07271bdb1e57d036f9f78e6a09575bb57635e297ac8d80f65d61240fcf5639c0b45f5b64ee6145f686d69eba505e5f348720d00bcdb935ad190ee015b59c6bcc4e7b9ac6025ceb0681ab9ceb580efb9b2fb0b645108208611a4313231e0c606fb9541d1474693366656ed0660119c5042ef2dd2709241f130ea1a73bd89b61ceea59684445411110169a6dd3a179bbe8291c4dc92ea788924ebab56e510684ee56cefeafa4ff00a78bf657476e2ecd3feefa5f340c1ec0a4288237fc41d99fd5f4dfdd35743d1eecc3fcc29fea00a4e88228ee8df659fe630f9b10f615ed4bb8943102d86074609b9114f3c609b5ae4324172a4a8822ade8f2805b0c52b70db0e1aaaa6dada5ad2e4bc9fd1a6cf26e629ae753f0baa24df5d6552f44112a6e8e68633789b330d88caa66d0ebabcae0f47547fdb03cc4efbfa6f7e0a5c8820b3745340ebdc4dda163694e62e4db4e649550eff6ec536cdda10d3092534f244c7c8e903647b31c92b4e10c0cb81d5b72d733ae4be9854d74a9b3855edba3a4caf2d2bc0c42e1a499c83a1b7e6ed7b5c5d11e5b9bd1952d646e9652e6b6ed6b5b13f1169eaa273af23859d6739e2d8069a9d4efe3e86e9d9f9aacab66771da8cd8f31d8c8adb746c3009e2391616e849048c4d27b46f8bb201f0535418dd4bffa5fd56a2c944511110111107042e18c03400780b2ec880888808888088880888808888088880888808888088880a15b7f731f2d436ad93629e3c985c031f1b3b7d9648dd07e31c2d6e3aa9aa2085ec5d91590bcbcea4e64b9aec41c462c42f98e3cf5e6a68888088880888808888088880888808888088880888808888088880888808888088880888808888088880888808888088880888808888088880888808888088880888808888088880888808888088880888808888088880888808888088880888808888088880888808888088880888808888088880888808888088880888808888088880888808888088880888808888088880888808888088883ffd9),
(25, 'viajero pequeno', 0xffd8ffe000104a46494600010100000100010000ffdb0084000a070809080718140817181918191c231e1a1c1c1d1c1f241e2125241c211e1c241e27212e25211e2c25231a2738272c3d313635371a2448403d333f2e343531010c0c0c100f101f12121f362b252534343434343f34343131353d31343434343634343134343d3135343435343434343431313d34343434313434343434343434ffc000110800c2010303012200021101031101ffc4001c0001000301010101010000000000000000000506070304020108ffc4004410000201020501040605080905010000000102000311040506122131416181910713225171a1324252b1b21415638292a2c1d116232433627273c2e1252653f0f134ffc4001801010101010100000000000000000000000001030204ffc40022110101000202030002030100000000000000010211123103214161712251a104ffda000c03010002110311003f00d9a22202222022220222202222022220222202222022220222202222022220222202222022220222202222022220222202222022220222202222022220222202222022220222202222022220222202222022220222202222022220222202222022220222202222022220222202222022220222202222022220222202222022220222202222022242eaeaef86d33886a62e45361da3a8b13c7b812604cc4c6b2ad30b9865d4eabe22a8f58818807817ebdbd07cfba7de3f4953c360ddd6bd72510b0048ec048078f7707e1d92e86c71318c9f4a61b30cb69d4a95ab86740c4075b027b05d49b4fdce74b6172fca6ad5a156bb32216019d6c6dd86ca0fce343668993ff42f2fdb7f5988fdb5ee27ea7c3cccf1d4d2f824ce5296fac55e93b9bb8bdd5a901c85e96724f7f948364898de7da570182c96ad4a0f5b722165bbdf9ecb8b78f8f671357ca4df2aa47f46bf8440f6c44404444044440444404444044440444404444044440444404444044440486d5e2fa57156eca150f92b1fe126679334a42be5d557ed230f3522067da35fd6698a04fd923c0330324735567cb6a01d4d37f32a6ff7c88d067fed7a61beab38f00ec7f8fca583109be890ddaa41f23bbeff0094a21b4737acd3946df648fde65f2b733bea75dfa6f156ff00c2e7f74dbc79f94f2686e74ea03d8ce3f7dc93e44c93ce53d6e4d5c1fad4dc79a3003cb77947d1df0dede190f5f647dc09ff006c8ec55c6a4c3f7d1ae3f7b0e7f9490ca983e55488eda687e4bf7923ca78f1c9ff005dc31ff0561e7ea49fb8794839ead1ff006d623fd36fbb8f21b65db2337c9281fd127e1129da994be415c7be93fe124f90e3f565bf4f1be4187ff469fe1581251110111101111011110111101111011110111101111011110111101111013e5943020f6cfa88196684bae4aeadd52b38fc240f99967205c5f9fe3eff0033ba57b4a29a47149f6712ff00ede7e5fbd2c20dc0b777fc790b1fd6815cd0f6193156fab51c785ee7cef6f19398942d8471da55878d8dfcbfdd20f46aeca35d57eae21ede496f9f32c0406423b08f97fc9b7ec981e0d30fbf4e618fbe8d3fc02de5ed1f09f38f36cdb0c47e907ee823ee63e13f34c009a7a801d94d4790b1fe5fad3f3320df9cf0a47db71e749eff0070fda81d350dce455ffd27fc2df79dd2d1a59b7698c29f7d0a7f8165633e17c92bdfff0013fe036f2163e723342e9da398e5accd5b134d94500beaebd45b6ec2e19db8b91cb3b1b5ac3a0b0e206a112898ccaf3cc066b428e5f98d7db543f3592955b150a47d5526f73db3dcf435d61c8f5157035876faca75699f028cc2fe102d9132cabe956b60b16d4f1787a6fb4d8bd1ac5949edda4d31717ef9f387f4ba1ab7f5f85212ff0055ee7e6a013ddc42e9aac4a961fd22696afc357d87b43a3adbb892bb7c8c97c2ea4c8b186d86c4d063ee1512fe57bc225e27c2bad45ba1047bc733ee02222022220222202222022220222202222022220245e7387c6e2704cb80aad45b6921d55588616da2cc082a7dabf6f789291030cd035f39c7e1eb54a1550b170d50544b872dbae4b0b35c903816e9dd69601a9ebd1c6d4a38ea0d7a5b7d63536047b42e2c1b6f5e7b78d9db28d82c263722474c79c461773f68645741b802075620dfc1bb6e677fcb729c9b1356a62b6e2af4d366e524ee3bbd9218902ca2e7703c016024dae964c8f3ecbb04f886c5b3287a8cea3631ba9ea4585b91c589e2e3a499a39f54c5d2df96e1ab3a93c3b6ca687e0eec01b73e67dc2f980d4b996330fb310ab4e9937029a2201dfb550023e324f0394621d77e01ea0661c5443b4f9f523a717fba6b3c76cf4e2e525f6bbe5786d434f0494e9fe4e8145b712f50f6dadb46cb8ef6b12078f6a990e32b90d8fc4553b4dd422d3a417820d98073d19873efee16aa696ce35563313528d3af4dea53e89594fb62f6243adcee04723bc73d6d67fe9167d8136cdb02e47daa0c1c1f82fd203e369e3cee72ea69be331b36eb88d23966329dab877bf3b99dddbadfabb15173726ca0f279e4cf760b244cb81fcdef5a9dc283b6a311ec2aa2fb0db92e11557a7451ee9cb03ad720c59b3b943da1d596df122ebf393d85fc8f1b443e12a861f6919581f226656f93edaeff008abd9ce4d9866d490362dc35324a3945dd722c794d83c409df38aba86be40f87c3ad22cc817d68a8e188e0312a53e932dc5f7705a5896971c1ddeeff00e91c4f860e17950be67fe259e4ca7d4d637e30fc4e96cf70a3facc3b903ec59fe4849916c957095c6fdc8c0dc06041f233fa0377db3fcbef9c2ad2f5a2cea857ec917f91363f1967975f0e2ce34ceac4a79c524c600c95182302015b31b06e476311f3968c069fca330d739826328536445a051768014b236e22d6b13617b7ba7a715a5f25c59feba85307afb00a1bfbee9637ef9f586c90e0b18f5b2fc4d74770a1cb32d5dc12fb031a8acdc0279041e66b7fe8c72ee339e2b3a767f46ba6c316c1a55a2c7eb53ab501f9b19159de96cc34fe4f5b11976658dfeaa9b385a8e1c1da09b720017e97b49f5c56a1a37b3e1aa8ec0c8f4cf8babb8fdd123f516639c63b4fd6a153064b54a6c80d2aa8ea0b02013bc235be0a67533c6f5538d47647475fe3326a588c1e32838aa8ac12b530bb6e2f6dc8b733d8733f48d83fff0046130b5c7e89f67e37e7c04e3906b6c9324d3f470d981a8b5e8d2447a7eaaa13b8280406dbb2dde48123735f4859be3529fe66a74a9255aab455d9d2a54058db77ab5364b73f4b703c7be76e5255fd2166996a16cf32caf4d475656debe2c51547c2f27f4beaba1a9558e128d7455ead51502dcf4008724f80e3b6d7123f17a4707470352be7152a62aaa23306aadeca90a79441ecafc272f43db8e85a4ce492cee493cdfdb61fc2517a8888088880888808888088880888808888103a8b4be57a9367e730c765edb5997af041b736fe731ff49995e5b97eaaa347014d5112807702fed36e717627963c2dd8dc9b9bcdf6503d2d65d877d34d5d69a7ac56405f6aefd9badb775afb7730e3a4b3b2d665432fc5e230bbc28b11b82f25adefb5ac38e7adf91c72275caf1ad84a2d47759797a66d7b7db5f811cfc578eb2c989a74f0f4417e96240db7048002fb5d17836e7aee22553340b4eb2ba2d8101c2dc706e432dc7046e079f74df1b676caeaf4f4e93a78c7c7b629381bc942c6d7e49371d48ec3e3363a18aa35a82bd1bfb4011cdc79749fcf54737c6e1cfaac216617b20e49f800393f096fd3da7bd211c1b57cb59e98eca754ed2d6fb34d976807de76dfe73cde6c3949aee36f1de37df4b1e91c2e1aa60f12b8b4570312ff00496f6e107d936e9241f49651883bf081e931e4323303f3bdbc2d2b191e7998e42ceb99e1dd7d6396662192ce7e90171b4f23a032e383d4f82c42fd3296ea1c580f77b7f43f7a7933e532f4f4633963bd7a9f51198d3d4790e0deae17146aa20b95a8bb8dba7d237627c446175a66d4b0c95331c23b23286df48922c7a1da775bc48931a9ab1ada72b702c50d88b7fe99df4a2a369ea163cfab5f949bfe3bb37eff004e75ef4f265fae74fe37e955d8deea8bb6dddbc5d479cb0d0a984c626ec33075fb48c1879891d9864395e647fb6d2473f6b68ddfb5f4a56b15e8f706b537e4f5ab507ec218903c6e1ff7a49c6fe3fd5f6bc1a01b846f03ff00379c71b88c3e5f87df98ba220face5547c3af5ee99b52c5eb2c3e76f80c36243b05e5dedc0b2b5c16576bf23dffc64fe5da1b06f5c54cfeb3e26aff8890a39bd8725bc2e07f867571c6775395a6235a53c55634f4e50a9897fb562883bcdc6eb7c401df214ae7b9c6a55c267f54d3564de52810a2dcd949bf27df72c269586a14f0987098444545e8a8a00f216129988ad453d25eeaf655186e49e00ebcf32e367bd4f8977f53d93e4795e514c7e6ca68a47d6eadfb47a7c0584ab7a46c3e15df05eb69d31bf148aed603729fa40b75da7b67a33cd674693ecc829be22a1e16d70b7eeface7b9478caee63a63d20e69493158f55628e19680650cb620df6fd03d07058b774eb0c32b7964995c64d44dd7a39356c61c3658f8ba7b948614aa5665b15fa229b160c0823a0db637b897fd2d9652c9b22a7430e8e8abbacae55985d99b92a48b9bdec381794ad39e90b22c3625a966d41f09549f6d9949b9e39736dea7fcc3681db69a36131787c6e1c3e0dd5d0f46560c0fc08e27a24d4d33b76f4c444a88ccbf37c3e618caf4e806070ee11c902c4950dc58924588eb6e649ccdf45633175b5e63d28ff0073eb2a1724824d456445038b800069a440444404444044440444404444048bd45962e7191d6a06d7742149ec6ea87c1829f092910328c8ebd2ccb4f04a84ad5a242554e2fec1b598106eac06d6ef0dee951d5469a6211405521390b7b73cf1c0eddde16975d7da471f4f1e71da743166fef69a5ef7e2eeaa3e95ec3728e49170092666d4f039c6678f0bea6bb393cfb0e48f8dc71e369b739c59f1f6bffa3ecbe9a679876a400228976f7f2aaa79ff00337fef335a954d17a7eae4f419f1b6f5ae00da083b105c85bf4249249238e14765cdae62d1cea534a88438041ea08b83e120eae94cb3716c229a2c7a9a7600fea1053dfd97e7ac9f883f0cb350687cf29b3be555559187b74d41a6585becdcab31efb483c3ea7cdb4dedc3e698721547b2183235bde09bab0ef1e736f95dd45a5301a8b1949f312fb69861b54801b715ea6d7b71d96ebd67396332ed665674a965faeb28c50b3b9a67dcfc0fdab95b788966a18b4ab4f7512ae0f42a4107e1cdbe73c39a7a32d378e4fecc8d41ad6dd4d8f67bd5b729ef3c13ef94dc5fa36d4f92542fa7ab071d6c8c6931ee2a4956f16f098e5e09f2b49e4fed2341d57d26396e2e9fec4fe52e35ead1a348b395551c92c6c2638339cdf27cf4d5cd90fe50abb596a009d576ab10a0022dda3836eb2cb95e98d4dab2a0a99b31a348f2372daffe5a5c7ed35bafd68cbc36d9bfe899c9b74cfbd2460308fb32c0d51af62c3e88f85f96f0e3be4465584fe91677eb73dc5e1e9ab0b7b5529ad4b0fa2829920af6f2d73c7432df8af44395546bd0af594ff88536fb914fce44d7f43d8b51fd9b168ddcd4997e61dbee9b638638f4e32cad68b90e519365947fe921092397043337c5bdddc38ee93530aa9e8a350d1aa197f27700dfd9760dfbd4c58f8cf59d33aaf07fdd7e5a8074d95c11e4ae4cb6e9d61e3e7f64fdd6ad9ce419567b476e6b496a5be8922ccbfe561665f032818cf4799be475cd6d1789607a9a6edb49eb61badb1fb83a8ef69cb0efa9a8d017c76269b0fa42ae19980fd774b11dfccf2e63af73dc9b685c4e17104920fb22eb6b7d25575b5efddd275abadb2b7574f5e0fd25e6793e2450d6386756ec755dac6d617d84ec71fe2561dc268f9666f97e6d8757c03abab0b8b75f2eb71dbee991623d26d5cc309eaf39c1e1eba9ea0ee55bfbec77d8f7f512ad5f19972e2054c9454c2b6f52cbeb9dd485e459bd586241b1b36eebc1e234ad07d143be2754662f73b4b96b5f8bbd4aa6f6f7d97acd56605a6f548d38eed81a74c9a9b779f582cc54b11c33a951ed3761b5fa749a3e5be91f27c6e0cb622f45c0e950fb04f1d2b2864b5fdf63dd27b177890996e7f86c6e2fd4b945a9b43050eadb8117dca7ebaf5e47d937b49b8088880888808888088880888808888088880888808888088881c2a61e8d5606a2a920dc1201208e841ec33bc44044440444404e5568d2acb6acaac3dc403f7ceb1021311a534f624935b098724f53ead01f302f2b3a9740698a19357ad4281574a4ee36d4a805d55987b25b6db8f74d06406baabea746e30fe82a0f3523f8c0cd341e85cbf5169e35f1a5837ac655b74da368ec20937dddb3bea0f4594e8565fcd5576eee0060c4dee05cb026c0037bdbb0cb97a2ba269686a1bbab1a8de751edf2b49dc780d8ea61bde38e7aee561f849fd5f8cbf518c55f475ab70b8a434a953664616ab46a2ab0b11ed5d8a12783c904fb47c37b88914888808888088880888808888088880888808888088880888808888088880888808888095fd6b96e3338d315a865db77d4000dc4816dca585c03d54301de44b044088d2d9754ca74e50a15edba9d3556b72375bdab1ed17bcf2ad7a98cd4e568ee2949407371b777b440b76fd2e9c729dc2f609e4c3e0a961f1351e9937a8416bdad702dc71eef7de583d9111204444044440444404444044440444404444044440444404444044440444404444044440444404444044440444404444044440444404444044440444404444044440444404444044440444404444044440444404444044440ffd9);

-- --------------------------------------------------------

--
-- Estructura de tabla para la tabla `unidad_material`
--

CREATE TABLE `unidad_material` (
  `idUnidad_Material` int(11) NOT NULL,
  `Unidad_idUnidad` int(11) NOT NULL,
  `Material_idMaterial` int(11) NOT NULL,
  `cant_unidad` int(11) NOT NULL
) ENGINE=InnoDB DEFAULT CHARSET=utf8;

--
-- Volcado de datos para la tabla `unidad_material`
--

INSERT INTO `unidad_material` (`idUnidad_Material`, `Unidad_idUnidad`, `Material_idMaterial`, `cant_unidad`) VALUES
(39, 23, 78, 30),
(40, 23, 78, 5),
(41, 23, 20, 5),
(87, 24, 7867, 30),
(88, 24, 23, 70),
(89, 24, 23, 10),
(90, 24, 7867, 5),
(91, 25, 7867, 10),
(92, 25, 24, 4),
(93, 25, 23, 4),
(94, 25, 24, 20),
(95, 25, 24, 20);

-- --------------------------------------------------------

--
-- Estructura de tabla para la tabla `ventas`
--

CREATE TABLE `ventas` (
  `idventas` int(11) NOT NULL,
  `Unidad_idUnidad` int(11) NOT NULL,
  `Cliente_idCliente` int(11) NOT NULL,
  `cant_t` float NOT NULL
) ENGINE=InnoDB DEFAULT CHARSET=utf8;

--
-- Volcado de datos para la tabla `ventas`
--

INSERT INTO `ventas` (`idventas`, `Unidad_idUnidad`, `Cliente_idCliente`, `cant_t`) VALUES
(129, 24, 27765209, 5605),
(134, 25, 4343434, 560);

--
-- Índices para tablas volcadas
--

--
-- Indices de la tabla `cliente`
--
ALTER TABLE `cliente`
  ADD PRIMARY KEY (`idCliente`);

--
-- Indices de la tabla `compra`
--
ALTER TABLE `compra`
  ADD PRIMARY KEY (`idCompra`),
  ADD KEY `Material_idMaterial` (`Material_idMaterial`);

--
-- Indices de la tabla `factura`
--
ALTER TABLE `factura`
  ADD PRIMARY KEY (`idfactura`),
  ADD KEY `ventas_idventas` (`ventas_idventas`);

--
-- Indices de la tabla `login_u`
--
ALTER TABLE `login_u`
  ADD PRIMARY KEY (`id_users`);

--
-- Indices de la tabla `material`
--
ALTER TABLE `material`
  ADD PRIMARY KEY (`idMaterial`),
  ADD KEY `proveedor_idproveedor` (`proveedor_idproveedor`);

--
-- Indices de la tabla `proveedor`
--
ALTER TABLE `proveedor`
  ADD PRIMARY KEY (`idproveedor`);

--
-- Indices de la tabla `unidad`
--
ALTER TABLE `unidad`
  ADD PRIMARY KEY (`idUnidad`);

--
-- Indices de la tabla `unidad_material`
--
ALTER TABLE `unidad_material`
  ADD PRIMARY KEY (`idUnidad_Material`),
  ADD KEY `Unidad_idUnidad` (`Unidad_idUnidad`),
  ADD KEY `Material_idMaterial` (`Material_idMaterial`);

--
-- Indices de la tabla `ventas`
--
ALTER TABLE `ventas`
  ADD PRIMARY KEY (`idventas`),
  ADD KEY `Unidad_idUnidad` (`Unidad_idUnidad`),
  ADD KEY `Cliente_idCliente` (`Cliente_idCliente`);

--
-- AUTO_INCREMENT de las tablas volcadas
--

--
-- AUTO_INCREMENT de la tabla `compra`
--
ALTER TABLE `compra`
  MODIFY `idCompra` int(11) NOT NULL AUTO_INCREMENT, AUTO_INCREMENT=28;

--
-- AUTO_INCREMENT de la tabla `factura`
--
ALTER TABLE `factura`
  MODIFY `idfactura` int(11) NOT NULL AUTO_INCREMENT, AUTO_INCREMENT=22;

--
-- AUTO_INCREMENT de la tabla `login_u`
--
ALTER TABLE `login_u`
  MODIFY `id_users` int(11) NOT NULL AUTO_INCREMENT, AUTO_INCREMENT=9;

--
-- AUTO_INCREMENT de la tabla `unidad`
--
ALTER TABLE `unidad`
  MODIFY `idUnidad` int(11) NOT NULL AUTO_INCREMENT, AUTO_INCREMENT=26;

--
-- AUTO_INCREMENT de la tabla `unidad_material`
--
ALTER TABLE `unidad_material`
  MODIFY `idUnidad_Material` int(11) NOT NULL AUTO_INCREMENT, AUTO_INCREMENT=96;

--
-- AUTO_INCREMENT de la tabla `ventas`
--
ALTER TABLE `ventas`
  MODIFY `idventas` int(11) NOT NULL AUTO_INCREMENT, AUTO_INCREMENT=135;

--
-- Restricciones para tablas volcadas
--

--
-- Filtros para la tabla `compra`
--
ALTER TABLE `compra`
  ADD CONSTRAINT `compra_ibfk_1` FOREIGN KEY (`Material_idMaterial`) REFERENCES `material` (`idMaterial`);

--
-- Filtros para la tabla `factura`
--
ALTER TABLE `factura`
  ADD CONSTRAINT `factura_ibfk_1` FOREIGN KEY (`ventas_idventas`) REFERENCES `ventas` (`idventas`);

--
-- Filtros para la tabla `material`
--
ALTER TABLE `material`
  ADD CONSTRAINT `material_ibfk_1` FOREIGN KEY (`proveedor_idproveedor`) REFERENCES `proveedor` (`idproveedor`);

--
-- Filtros para la tabla `unidad_material`
--
ALTER TABLE `unidad_material`
  ADD CONSTRAINT `unidad_material_ibfk_1` FOREIGN KEY (`Unidad_idUnidad`) REFERENCES `unidad` (`idUnidad`),
  ADD CONSTRAINT `unidad_material_ibfk_2` FOREIGN KEY (`Material_idMaterial`) REFERENCES `material` (`idMaterial`);

--
-- Filtros para la tabla `ventas`
--
ALTER TABLE `ventas`
  ADD CONSTRAINT `ventas_ibfk_1` FOREIGN KEY (`Unidad_idUnidad`) REFERENCES `unidad` (`idUnidad`),
  ADD CONSTRAINT `ventas_ibfk_2` FOREIGN KEY (`Cliente_idCliente`) REFERENCES `cliente` (`idCliente`);
COMMIT;

/*!40101 SET CHARACTER_SET_CLIENT=@OLD_CHARACTER_SET_CLIENT */;
/*!40101 SET CHARACTER_SET_RESULTS=@OLD_CHARACTER_SET_RESULTS */;
/*!40101 SET COLLATION_CONNECTION=@OLD_COLLATION_CONNECTION */;
